column_name,label
customer_nationality,1
employee_performance_score,2
psychiatric_condition_amount,2
employee_blood_pressure,2
old_year,3
staff_outstanding_loan,2
review,3
old_disease,2
manufacturer_id,3
old_fine,2
monthly_created_date,3
monthly_year_of_birth,1
customer_exchange_rate,3
new_gross_salary,2
brand_amount,3
new_town,1
bounce_rate,3
student_id_value,0
year_info,3
user_annual_income,2
new_email,0
previous_veteran_status,1
sexual_orientation_amount,2
customer_emi,2
monthly_job_title,1
commission,2
staff_given_name,0
new_subsidy,2
frequency_code,3
nationality_data,1
fax_number,0
previous_month,3
region_code_details,3
timestamp_value,3
patient_subsidy,2
roll_number_value,0
monthly_political_affiliation,2
member_id,0
staff_category,3
previous_manufacturer,3
user_ssn,0
patient_policy_number,0
monthly_loan_amount,2
mac_address_value,0
monthly_discount,3
new_sexual_orientation,2
bank_balance_number,2
staff_id,0
monthly_test_result,2
age_group,1
old_tax,3
job_title,1
national_id_code,0
new_num_children,1
new_full_name,0
customer_age_range,1
previous_gender,1
annual_frequency,3
new_drug_name,2
old_ethnicity,1
user_illness,2
new_label,3
annual_tax_paid,2
patient_test_result,2
veteran_status_info,1
staff_phone_number,0
customer_gst,3
currency_id,3
social_security_benefit_id,2
interval_info,3
annual_exam_result,2
family_size,1
surname_info,0
education,1
branch_id,3
current_performance_rating,2
user_political_affiliation,2
region_data,1
mortgage_id,2
annual_stock_holdings,2
psychological_condition_number,2
blood_type_info,1
vin_info,0
customer_married,1
profession_id,1
monthly_drug_name,2
annual_race,1
monthly_district,1
passport_number,0
bankruptcy_details,2
staff_blood_pressure,2
old_gender,1
address_line1_number,0
old_day,3
idx,3
caste,1
bounce_rate_details,3
customer_age,1
staff_month,3
new_default,2
new_work_experience,1
new_bank_account,0
balance,2
enabled_info,3
invoice_id_details,3
severity_info,3
previous_health_id,0
color_amount,3
user_level,3
ssn_code,0
new_illness,2
user_verified,3
education_level_info,1
age_info,1
old_drug_name,2
patient_year_of_birth,1
extension_data,3
old_seq,3
new_annual_income,2
patient_timestamp,3
employee_event_id,3
username_code,0
current_student_id,0
timestamp_details,3
current_lgbtq_status,2
annual_booking_id,3
monthly_created_at,3
current_vote,2
current_fax,0
current_feedback,3
file_type_value,3
default_info,2
visa_type_id,1
staff_date,3
staff_tobacco_use,2
old_tag,3
monthly_drug_use,2
count_id,3
subcategory_info,3
old_age_band,1
current_timestamp,3
birth_date,0
card_number_amount,0
customer_outstanding_loan,2
patient_date_of_birth,0
old_overtime,2
welfare_benefit_value,2
insolvency_info,2
source_id,3
staff_test_result,2
military_status_code,1
staff_employee_id,0
current_passport_no,0
serial_number_details,0
monthly_is_deleted,3
handicap_info,1
customer_enrollment_no,0
old_income_bracket,1
old_nation,1
bonus_id,2
caste_details,1
net_salary,2
married_value,1
build_number_number,3
performance_rating_value,2
card_number_number,0
annual_lgbtq_status,2
claim_amount_number,2
monthly_blood_type,1
eid_value,0
new_datetime,3
staff_portfolio_value,2
old_year_of_birth,1
employee_dwelling,1
monthly_vote,2
patient_welfare_benefit,2
phone,0
birth_date_data,0
previous_cvv,0
fax_data,0
customer_product_id,3
monthly_priority,3
old_drivers_license,0
annual_syndrome,2
pan_code,0
staff_body_mass_index,1
version_number,3
staff_pan_number,0
sex_value,1
employee_marks,2
political_party_data,2
annual_phone_number,0
user_grade,2
new_username,0
monthly_amount,3
previous_birth_year,1
staff_street,0
approved_number,3
gst_id,3
annual_tribe,1
old_alcohol_use,2
military_status_data,1
number_of_dependents,1
flag_details,3
is_deleted_id,3
native_language,1
annual_score,2
employee_bankruptcy,2
current_manufacturer,3
current_label,3
patient_tax_bracket,2
felony_id,2
employment_status,1
patient_alcohol_use,2
cell_value,0
previous_age_band,1
staff_duration,3
customer_comment,3
invoice_id_number,3
source_amount,3
current_region_code,3
old_priority,3
old_ipv4,0
channel_code,3
mother_tongue_value,1
date_of_birth_value,0
annual_sexual_orientation,2
previous_enabled,3
annual_is_active,3
annual_year_of_birth,1
annual_misdemeanor,2
file_type,3
current_clicks,3
is_active_info,3
created_at,3
annual_test_result,2
revision_amount,3
customer_log_id,3
fname_info,0
employee_psychiatric_condition,2
drug_use_value,2
booking_id_details,3
customer_review,3
biometric_info,0
monthly_interval,3
criminal_record_details,2
annual_member_id,0
page_views,3
previous_tribe,1
gps_location_info,0
employee_lgbtq_status,2
race,1
new_last_updated,3
new_weight_kg,3
store_id_data,3
annual_blood_type,1
previous_ethnic_group,1
syndrome_info,2
user_income,2
pan_value,0
old_phone,0
pin_id,0
current_liabilities,2
liabilities,2
user_net_worth,2
drug_name_info,2
previous_income_bracket,1
annual_cost,3
patient_sku,3
monthly_disease,2
annual_impressions,3
staff_conversion,3
severity_details,3
customer_remarks,3
employee_modified_date,3
portfolio_value_value,2
datetime,3
medium_details,3
aadhaar_details,0
patient_login,0
employee_offense,2
previous_phone,0
patient_aadhaar_number,0
customer_insolvency,2
user_product_id,3
product_code_code,3
old_currency,3
marks_info,2
impressions_value,3
housing_type_value,1
current_surname,0
net_worth_code,2
current_class,3
pan_number_value,0
felony_amount,2
notes_details,3
employee_performance_rating,2
nhs_number_info,0
old_earnings,2
previous_duration,3
booking_id_info,3
store_id_info,3
previous_lab_result,2
staff_cancer_type,2
emp_id,0
current_otp,0
insolvency_amount,2
current_subsidy,2
staff_pan,0
previous_pan,0
customer_notes,3
updated_at,3
extension_code,3
country_data,1
current_gps_location,0
current_hiv_status,2
employee_branch_id,3
industry_details,1
subcategory_id,3
gpa_info,2
bmi_code,1
employee_first_name,0
diagnosis_number,2
annual_invoice_id,3
gps_location,0
annual_offense,2
imei_data,0
vote_number,2
current_face_id,0
employee_height,1
salary_band,1
annual_passport_no,0
liabilities,2
model_amount,3
aids_info,2
product_id_value,3
face_id_number,0
summary_amount,3
phone_value,0
customer_borough,1
annual_zipcode,1
user_alcohol_use,2
substance_use_code,2
channel_info,3
amount_id,3
user_price,3
employee_ipv6,0
user_weight,1
new_gst,3
user_diagnosis,2
postcode_value,1
annual_dependents,1
psychological_condition_value,2
ethnic_group,1
staff_work_status,1
income_code,2
zip_data,1
user_area_name,3
rating_amount,3
customer_employee_id,0
student_id_number,0
marks_number,2
diagnosis_id,2
user_work_experience,1
day,3
tax_info,3
patient_household_size,1
new_income_bracket,1
old_receipt_number,3
tribe_id,1
socioeconomic_status,1
user_penalty,2
staff_policy_number,0
locale_amount,3
user_tax_amount,2
monthly_veteran_status,1
staff_hourly_rate,2
pregnancy,2
employee_address,0
political_affiliation_amount,2
claim_id,0
salary_band_data,1
previous_state,1
savings,2
patient_revision,3
old_gps_location,0
monthly_salary_band,1
political_affiliation,2
ses_data,1
staff_disorder,2
approved_info,3
email_info,0
new_criminal_record,2
account_number_amount,0
new_emp_id,0
employee_fico_score,2
employee_channel,3
marital,1
old_week,3
user_created_date,3
criminal_record_info,2
assets_details,2
monthly_class_label,3
old_commission,2
patient_dimension,3
hourly_rate_value,2
substance_use_number,2
new_tobacco_use,2
user_felony,2
cibil_score_data,2
old_ssn,0
biometric,0
mortgage_data,2
country_id,1
race_value,1
patient_enabled,3
new_row_id,3
user_social_security_benefit,2
previous_birth_place,0
customer_work_experience,1
staff_mrn,0
currency,3
patient_socioeconomic_status,1
old_campaign,3
exchange_rate_id,3
is_active_value,3
user_id,0
latitude_details,0
birth_month_amount,1
customer_psychiatric_condition,2
previous_label,3
current_borough,1
brand_number,3
customer_fine,2
town_code,1
years_of_experience,1
birth_place_value,0
enrollment_no_details,0
patient_annual_income,2
employee_tax_paid,2
employee_product_name,3
employee_department,3
current_birth_place,0
mother_tongue_id,1
monthly_age,1
marital_status_code,1
customer_nation,1
performance_rating,2
annual_bonus,2
patient_pin_code,1
age_band,1
new_ssn,0
monthly_area_code,1
current_department,3
previous_drivers_license,0
caste_code,1
price_id,3
department_value,3
class_label_amount,3
currency_amount,3
annual_military_status,1
staff_user_id,0
illness_info,2
current_review,3
customer_marital_status,1
staff_year_of_birth,1
annual_license_number,0
notes_number,3
current_education,1
monthly_dl_number,0
medication_details,2
account_no_value,0
blood_pressure_value,2
employee_industry,1
drug_name_code,2
currency_number,3
given_name,0
pin_code,0
therapy,2
stock_holdings_amount,2
annual_vote,2
earnings_id,2
record_id_id,3
employee_earnings,2
diagnosis,2
manufacturer_details,3
user_passport_number,0
full_name,0
given_name_data,0
degree_data,1
monthly_caste,1
patient_debt,2
substance_use_amount,2
new_blood_pressure,2
new_blood_type,1
annual_blood_pressure,2
marital_value,1
education_level_data,1
patient_birth_date,0
old_category,3
voter_card_number,0
label_number,3
monthly_userid,0
previous_outlet_id,3
is_active_details,3
staff_last_name,0
hourly_rate,2
size_number,3
employee_salary,2
otp_value,0
clicks_details,3
claim_id_info,0
customer_age_group,1
customer_severity,3
monthly_cholesterol,2
medical_record_number_amount,0
price_code,3
take_home_details,2
criminal_record_id,2
size_info,3
total_data,3
new_receipt_number,3
staff_ctr,3
new_tax_amount,2
current_month,3
customer_place_of_birth,0
current_aadhaar_number,0
current_syndrome,2
voter_id_data,0
language_data,1
customer_passport_number,0
customer_department,3
monthly_employee_id,0
time_number,3
previous_offense,2
balance_data,2
appraisal_data,2
housing_type,1
previous_outstanding_loan,2
sequence_number_amount,3
user_real_estate,2
previous_credit_rating,2
aadhaar_number,0
native_language_id,1
annual_category,3
liabilities_data,2
previous_real_estate,2
price,3
time_code,3
comment,3
old_branch_id,3
ssn_info,0
monthly_overtime,2
current_flag,3
new_loan_amount,2
staff_region_code,3
staff_item_id,3
staff_military_status,1
previous_property_value,2
iris_data,0
employee_vin,0
misdemeanor_id,2
credit_card_info,0
education_details,1
credit_rating_id,2
frequency,3
new_surgery,2
current_test_result,2
disease_id,2
email_address_info,0
aids_id,2
national_id_value,0
cibil_score_value,2
social_security_number,0
current_tribe,1
user_class_label,3
nid_code,0
aadhaar_number_code,0
new_cost,3
member_id,0
sector_details,1
employee_language,1
employee_license_number,0
bonus_data,2
page_views_data,3
customer_rating,3
customer_tribe,1
previous_device_id,0
previous_aadhaar,0
monthly_anxiety,2
new_conviction,2
category_amount,3
treatment_details,2
patient_appraisal,2
new_province,1
previous_email,0
user_vehicle_number,0
dwelling_code,1
medium_id,3
penalty_info,2
penalty_details,2
row_id_id,3
customer_file_type,3
staff_criminal_record,2
annual_drivers_license,0
national_id_details,0
previous_order_id,3
current_roll_number,0
exam_result_id,2
lname_amount,0
monthly_feedback,3
transaction_id,3
vat_value,3
staff_lgbtq_status,2
enabled_details,3
new_area_code,1
birth_year_amount,1
output_value,3
current_ses,1
patient_postcode,1
payout_number,2
customer_category,3
previous_exam_result,2
birthdate_number,0
current_store_id,3
employee_phone_number,0
annual_appraisal,2
current_misdemeanor,2
booking_id,3
user_insurance_claim,2
revision_info,3
new_flag,3
annual_passport_number,0
user_blood_pressure,2
substance_use_id,2
monthly_rating,3
staff_file_name,3
product_category_data,3
old_timezone,3
monthly_birth_place,0
compensation_id,2
year_amount,3
user_campaign,3
current_latitude_zone,3
user_patient_id,0
previous_place_of_birth,0
cibil_score_id,2
source,3
voter_id_id,0
imei_id,0
mortgage_details,2
annual_longitude,0
target,3
user_payout,2
user_id_value,0
native_language_data,1
state,1
staff_misdemeanor,2
bank_balance_id,2
store_id_details,3
client_id,0
political_affiliation_code,2
age_band_number,1
town,1
customer_mental_health,2
new_output,3
approved_data,3
customer_event_id,3
sexual_orientation_code,2
given_name_info,0
customer_zip_code,1
customer_age_band,1
current_monthly_income,2
place_of_birth_value,0
remarks_info,3
campaign,3
bonus,2
registration_number_info,0
annual_employee_id,0
annual_emp_id,0
aids_amount,2
lgbtq_status_id,2
user_pan,0
employee_log_id,3
offense_id,2
degree_value,1
current_gross_salary,2
blood_type_value,1
otp_number,0
idx_id,3
street_details,0
gst_code,3
housing_type,1
patient_pan_number,0
seq_info,3
surname_id,0
user_age_range,1
current_customer_id,0
monthly_conviction,2
user_flag,3
outstanding_loan,2
feedback_data,3
cost_code,3
employment_status_id,1
income,2
current_currency,3
passport_details,0
product_name,3
face_id_info,0
fine_value,2
new_amount,3
user_family_size,1
degree,1
monthly_exchange_rate,3
staff_employment_status,1
patient_national_id,0
current_drug_name,2
previous_dl_number,0
real_estate_id,2
visa_type_details,1
item_name_details,3
annual_marital_status,1
email_id,0
town,1
weight_code,1
face_id_value,0
gst_details,3
outlet_id_data,3
staff_currency,3
highest_qualification_details,1
previous_page_views,3
annual_vehicle_number,0
annual_latitude,0
customer_ethnicity,1
user_address,0
patient_item_id,3
address,0
medium_amount,3
staff_caste,1
religion_id,1
patient_row_id,3
pin_code_info,1
credit_risk_id,2
account_no_data,0
customer_extension,3
enrollment_no,0
depression_number,2
annual_region,1
height_value,1
old_default,2
new_summary,3
reproductive_health_number,2
patient_disease,2
depression_value,2
pathology_result_info,2
student_id_id,0
new_date_of_birth,0
new_test_score,2
new_score,2
substance_use_value,2
staff_id_id,0
previous_prescription,2
medication_amount,2
hiv_status_id,2
current_serial,3
annual_approved,3
employee_exchange_rate,3
liabilities_info,2
user_age,1
tax_id_id,0
credit_risk_code,2
annual_roll_number,0
brand_code,3
customer_last_updated,3
aids,2
academic_result_data,2
offense_amount,2
roll_number_id,0
new_duration,3
aids_details,2
years_of_experience,1
debt_value,2
receipt_number,3
handicap,1
monthly_marital,1
username_id,0
syndrome_details,2
nhs_number_number,0
area_name_amount,3
criminal_record_amount,2
ipv4_code,0
lgbtq_status_info,2
patient_family_size,1
criminal_record_value,2
first_name_details,0
roll_number_number,0
current_marks,2
staff_syndrome,2
emi_amount,2
user_ctr,3
monthly_passport_number,0
annual_voter_id,0
marital_number,1
patient_employment_status,1
annual_gpa,2
mobile_number,0
health_id_data,0
patient_surname,0
property_value,2
employee_diabetes_type,2
lname_number,0
user_tax_bracket,2
staff_nid,0
age_value,1
patient_fax,0
old_credit_card,0
booking_id_data,3
old_idx,3
monthly_syndrome,2
staff_appraisal,2
staff_fine,2
patient_region,1
social_security_number_value,0
cancer_type_info,2
user_education,1
booking_id,3
prescription,2
interval_value,3
user_degree,1
old_medical_condition,2
emi_number,2
previous_pin,0
lgbtq_status_data,2
product_category_info,3
branch_id,3
nhs_number_data,0
annual_otp,0
customer_hourly_rate,2
date,3
annual_medical_condition,2
sku_amount,3
employee_is_deleted,3
annual_rating,3
employee_policy_number,0
previous_voter_card,0
enabled_amount,3
current_offense,2
day,3
insurance_claim_details,2
offense_code,2
current_municipality,1
extension_amount,3
staff_product_category,3
old_arrest,2
old_verified,3
annual_ipv6,0
annual_product_code,3
customer_reproductive_health,2
customer_diagnosis,2
income_range_number,1
birth_year,1
old_surname,0
medical_condition_number,2
employee_session_id,3
surgery_amount,2
previous_fax,0
timestamp_data,3
annual_subcategory,3
health_id_number,0
employee_bounce_rate,3
product_code,3
class_info,3
arrest_number,2
stock_holdings_info,2
current_work_status,1
previous_claim_amount,2
timezone_amount,3
priority_data,3
balance_info,2
residence_status_details,1
employee_num_children,1
staff_tax_amount,2
employee_rating,3
monthly_pin_code,1
patient_therapy,2
user_street,0
old_social_security,0
user_label,3
monthly_borough,1
previous_loan_amount,2
ip_address_number,0
work_status,1
monthly_blood_pressure,2
new_is_deleted,3
customer_street,0
age_number,1
previous_bank_balance,2
month_data,3
mental_health_number,2
previous_ipv6,0
employee_housing_type,1
treatment_code,2
employee_serial,3
tax,3
user_credit_card,0
patient_blood_pressure,2
nation_id,1
industry_value,1
loan_amount_info,2
employee_credit_card,0
staff_mortgage,2
product_code_info,3
new_license_number,0
exchange_rate_info,3
modified_date_number,3
is_active_id,3
staff_bankruptcy,2
locale,3
social_security_number_details,0
tag_data,3
annual_total,3
year_code,3
old_count,3
previous_class_label,3
drivers_license_data,0
priority_amount,3
old_substance_use,2
customer_address_line2,0
monthly_log_id,3
employee_national_id,0
overtime,2
patient_marital_status,1
mobile,0
patient_emi,2
quantity_id,3
staff_drug_use,2
municipality_data,1
monthly_psychiatric_condition,2
user_sexual_orientation,2
customer_fee,3
insurance_claim_info,2
old_diabetes_type,2
old_sex,1
current_approved,3
total_code,3
previous_aadhaar_number,0
sector_value,1
registration_number_code,0
emp_id_details,0
new_page_views,3
tax_amount,2
staff_remarks,3
patient_misdemeanor,2
department_code,3
employee_body_mass_index,1
monthly_alcohol_use,2
vat_details,3
employee_last_updated,3
staff_approved,3
monthly_ip_address,0
nid_amount,0
employee_date_of_birth,0
duration,3
ssn_amount,0
old_given_name,0
new_salary,2
performance_rating_data,2
alcohol_use_amount,2
user_zip,1
patient_id,3
monthly_mother_tongue,1
customer_aadhaar,0
annual_claim_amount,2
user_currency,3
patient_class,3
count_amount,3
language_amount,1
new_insolvency,2
vat_data,3
brand,3
annual_marital,1
previous_debt,2
imei_number,0
annual_conviction,2
test_result_id,2
old_net_salary,2
monthly_device_id,0
user_ethnicity,1
remarks_value,3
staff_bonus,2
user_prediction,3
employee_year_of_birth,1
user_sequence_number,3
monthly_source,3
old_penalty,2
staff_transaction_id,3
zip,1
work_status_id,1
customer_item_id,3
annual_savings,2
customer_conviction,2
year_of_birth_value,1
customer_reservation_id,3
drug_use_details,2
drug_use_amount,2
net_worth_amount,2
monthly_latitude,0
old_political_affiliation,2
psychiatric_condition,2
quantity_amount,3
occupation_value,1
new_vote,2
misdemeanor_value,2
patient_medical_record_number,0
previous_level,3
reservation_id_amount,3
nid_id,0
previous_last_updated,3
lab_result_info,2
previous_ssn,0
ethnicity,1
conviction_details,2
employee_address_line2,0
previous_bmi,1
zipcode_code,1
annual_county,1
summary_value,3
annual_mobile,0
patient_address,0
annual_pin_code,1
num_children_value,1
account_number_info,0
sex_data,1
patient_mortgage,2
staff_priority,3
bonus_value,2
employee_review,3
surgery_details,2
annual_credit_score,2
pregnancy_amount,2
annual_sku,3
monthly_county,1
customer_industry,1
monthly_nid,0
customer_email,0
customer_region,1
old_prediction,3
new_postcode,1
diabetes_type,2
patient_status,3
employment_status_amount,1
old_email_address,0
previous_size,3
version_id,3
county_amount,1
current_marital,1
conviction_number,2
user_postal_code,1
years_of_experience_amount,1
employee_item_id,3
customer_weight_kg,3
previous_caste,1
arrest_info,2
new_job_title,1
current_industry,1
employee_city,1
last_updated_id,3
previous_social_security_benefit,2
old_hourly_rate,2
quantity,3
gross_salary_info,2
employee_work_experience,1
new_earnings,2
interval_amount,3
annual_claim_id,0
contact_number_details,0
previous_approved,3
old_depression,2
employee_category,3
hourly_rate_amount,2
monthly_locale,3
cvv_id,0
user_fname,0
patient_locale,3
previous_household_size,1
city_code,1
channel_amount,3
performance_rating_number,2
customer_pregnancy,2
user_event_id,3
annual_severity,3
feedback,3
eid,0
net_salary_details,2
employee_dl_number,0
pin_amount,0
face_id,0
lab_result,2
arrest_value,2
old_cancer_type,2
birthdate_value,0
eid_details,0
political_party,2
monthly_occupation,1
monthly_otp,0
staff_quantity,3
staff_cvv,0
patient_bounce_rate,3
birthdate_code,0
monthly_treatment,2
welfare_benefit_details,2
education_level_amount,1
anxiety_amount,2
staff_class,3
customer_id_value,0
annual_latitude_zone,3
new_iris,0
tax_data,3
gross_salary_number,2
previous_exchange_rate,3
current_tax,3
user_address_line1,0
postal_code_code,1
patient_discount,3
annual_tax_amount,2
revision_value,3
staff_felony,2
income_bracket_details,1
user_years_of_experience,1
total_id,3
previous_credit_risk,2
customer_political_party,2
mail_data,0
street_code,0
previous_cancer_type,2
marital_info,1
last_name,0
user_syndrome,2
job_title_number,1
commission_info,2
staff_model,3
county_id,1
employee_pin_code,1
color,3
net_worth_value,2
patient_portfolio_value,2
notes_info,3
employee_tag,3
annual_bounce_rate,3
previous_claim_id,0
new_assets,2
user_subsidy,2
previous_dependents,1
old_credit_risk,2
borough_data,1
pin_code,1
monthly_phone,0
current_degree,1
income_bracket_code,1
is_active,3
staff_latitude,0
vote_details,2
religion,1
annual_fname,0
registration_number_number,0
user_size,3
level,3
previous_updated_at,3
previous_fico_score,2
employee_veteran_status,1
income_bracket_data,1
receipt_number_amount,3
subsidy_number,2
num_children,1
employee_date,3
vin_code,0
timezone_details,3
transaction_id_details,3
vote_code,2
customer_revision,3
subsidy_details,2
date_of_birth_amount,0
manufacturer_value,3
stock_holdings_value,2
annual_income_value,2
street,0
patient_voter_id,0
misdemeanor_code,2
staff_phone,0
count,3
overtime_info,2
old_session_id,3
monthly_product_name,3
annual_tin,0
patient_year,3
address_line2_code,0
email_address_data,0
bank_account_value,0
veteran_status,1
new_subcategory,3
staff_marital,1
current_bmi,1
review_score_info,2
patient_file_name,3
psychiatric_condition_data,2
voter_card,0
staff_smoking_status,2
user_nationality,1
current_surgery,2
current_savings,2
new_medium,3
blood_pressure_info,2
monthly_bank_balance,2
current_pan,0
customer_serial,3
employee_surgery,2
staff_serial_number,0
current_campaign,3
employee_diagnosis,2
birth_year_code,1
idx_amount,3
patient_blood_type,1
region_value,1
previous_anxiety,2
name_code,0
monthly_nation,1
employee_street,0
patient_email,0
drivers_license_id,0
credit_rating_details,2
customer_visa_type,1
customer_flag,3
socioeconomic_status_data,1
syndrome_id,2
annual_feedback,3
previous_date_of_birth,0
name_number,0
employee_sexual_orientation,2
old_cibil_score,2
fine,2
previous_depression,2
blood_type_id,1
customer_total,3
old_output,3
monthly_socioeconomic_status,1
birth_year_value,1
new_appraisal,2
user_member_id,0
face_id_code,0
tax_id,0
occupation_number,1
handicap_data,1
new_country,1
current_street,0
branch_id_number,3
patient_penalty,2
caste_id,1
month_details,3
employee_record_id,3
address_line2_data,0
employee_frequency,3
region_code,1
user_manufacturer,3
old_military_status,1
syndrome,2
page_views_code,3
old_conviction,2
emp_id_number,0
patient_tin,0
year_data,3
patient_psychiatric_condition,2
address_line2,0
current_birth_month,1
monthly_birthdate,0
annual_income,2
new_penalty,2
user_row_id,3
previous_psychiatric_condition,2
staff_country,1
customer_ipv4,0
liabilities_code,2
customer_type,3
previous_card_number,0
item_id_value,3
staff_bank_balance,2
customer_alcohol_use,2
current_stock_holdings,2
previous_subcategory,3
patient_cibil_score,2
emp_id_info,0
gpa,2
syndrome_number,2
exchange_rate_details,3
old_vin,0
age_data,1
new_year_of_birth,1
customer_disorder,2
priority_id,3
caste_value,1
notes_amount,3
conviction_id,2
annual_national_id,0
town_number,1
patient_savings,2
customer_illness,2
gender_identity_number,1
current_transaction_id,3
quantity_details,3
transaction_id_info,3
current_user_id,0
place_of_birth,0
birth_month_number,1
citizenship,1
updated_at_amount,3
monthly_roll_number,0
employee_score,2
category_data,3
old_color,3
biometric_amount,0
area_code_value,1
week,3
new_created_date,3
store_id_number,3
new_language_code,3
staff_medical_record_number,0
user_work_status,1
old_performance_score,2
user_enrollment_no,0
political_party_value,2
caste_info,1
employee_enrollment_no,0
monthly_impressions,3
outstanding_loan_info,2
source_code,3
monthly_emp_id,0
political_affiliation_details,2
salary_id,2
old_birth_year,1
employee_education_level,1
current_aids,2
new_member_id,0
staff_substance_use,2
street_address_info,0
tin_info,0
customer_diabetes_type,2
area_code_code,1
aadhaar_number_data,0
previous_type,3
depression,2
customer_size,3
ip_address_amount,0
old_name,0
area_code_amount,1
num_children_number,1
prescription_details,2
annual_event_id,3
current_cvv,0
user_telephone,0
patient_pathology_result,2
user_email,0
patient_marital,1
performance_score,2
old_employment_status,1
total,3
product_id_number,3
annual_email_address,0
employee_month,3
occupation_info,1
pin_info,0
aadhaar_info,0
employee_gpa,2
old_sector,1
staff_work_experience,1
new_net_worth,2
job_title_amount,1
bmi_number,1
current_iris,0
old_order_id,3
address_details,0
national_id_info,0
previous_province,1
new_mental_health,2
staff_label,3
birth_place_details,0
version_amount,3
customer_datetime,3
substance_use_details,2
enrollment_no_amount,0
zipcode_value,1
weight_amount,1
old_notes,3
staff_interval,3
current_receipt_number,3
customer_summary,3
email_address_id,0
new_enrollment_no,0
model_value,3
staff_sector,1
patient_language_code,3
annual_emi,2
target_details,3
annual_name,0
customer_given_name,0
drug_name_data,2
patient_investment,2
surname_code,0
current_commission,2
previous_timestamp,3
staff_policy_no,0
new_clicks,3
qualification_details,1
contact_number_value,0
client_id_number,0
duration_code,3
new_birthdate,0
staff_district,1
alcohol_use_number,2
annual_dl_number,0
lab_result_code,2
fico_score_id,2
staff_city,1
vat_id,3
staff_married,1
new_pan_number,0
current_extension,3
employee_voter_card,0
insurance_claim_data,2
seq_details,3
user_registration_number,0
current_default,2
reservation_id,3
latitude_zone_number,3
user_surname,0
modified_date,3
real_estate_data,2
nationality_code,1
test_score_number,2
hourly_rate,2
new_latitude_zone,3
prediction_info,3
new_branch_id,3
customer_take_home,2
annual_disability_status,1
annual_residence_type,1
wage_details,2
monthly_time,3
cholesterol_info,2
old_stock_holdings,2
employee_appraisal,2
alcohol_use_details,2
postcode_data,1
registration_number,0
monthly_clicks,3
previous_academic_result,2
e_mail_number,0
social_security_data,0
monthly_medical_record_number,0
current_first_name,0
new_address,0
time_info,3
birthdate_details,0
member_id_number,0
patient_age_band,1
gender_identity_id,1
annual_degree,1
mental_health,2
drug_name_amount,2
store_id,3
old_gst,3
new_felony,2
old_item_id,3
annual_output,3
customer_tax_amount,2
card_no,0
residence_type,1
staff_marks,2
old_card_number,0
voter_id_amount,0
credit_risk,2
monthly_outstanding_loan,2
illness_data,2
telephone_id,0
customer_family_size,1
monthly_reservation_id,3
language_code_id,3
login,0
sector_data,1
portfolio_value_id,2
annual_client_id,0
student_id,0
old_gross_salary,2
criminal_record_number,2
monthly_mac_address,0
monthly_claim_id,0
political_party_amount,2
is_active_amount,3
staff_review,3
vehicle_number_data,0
tax_paid_id,2
previous_pregnancy,2
tax_value,3
patient_age_range,1
work_experience_id,1
monthly_tax_paid,2
old_marital_status,1
previous_transaction_id,3
staff_cholesterol,2
patient_id_code,0
current_cell,0
gender_id,1
user_extension,3
current_modified_date,3
pin_code_id,1
customer_credit_rating,2
sku,3
previous_therapy,2
previous_district,1
user_amount,3
current_mental_health,2
fingerprint_data,0
employee_address_line1,0
monthly_liabilities,2
annual_earnings,2
file_type_number,3
new_age_range,1
staff_disability_status,1
current_tax_bracket,2
record_id_info,3
old_extension,3
event_id_details,3
street_id,0
branch_id_code,3
current_enrollment_no,0
customer_full_name,0
customer_criminal_record,2
annual_commission,2
monthly_contact_number,0
user_medical_record_number,0
mental_health,2
patient_page_views,3
monthly_ssn,0
staff_vat,3
military_status,1
zip_number,1
test_result_info,2
annual_gender_identity,1
age,1
ctr_details,3
previous_diabetes_type,2
gender_identity,1
staff_session_id,3
surname_details,0
monthly_exam_result,2
total_value,3
invoice_id,3
exchange_rate_data,3
fico_score,2
user_tobacco_use,2
tag_code,3
tax_details,3
current_weight,1
iris,0
annual_email,0
customer_staff_id,0
conversion_code,3
employee_mortgage,2
monthly_level,3
old_education,1
highest_qualification_number,1
annual_dob,0
current_race,1
caste_amount,1
conversion,3
cancer_type_value,2
current_device_id,0
overtime_details,2
annual_income_range,1
claim_amount_info,2
new_credit_card,0
old_vehicle_number,0
housing_type_amount,1
emi_id,2
previous_cibil_score,2
monthly_work_status,1
profession_details,1
socioeconomic_status_amount,1
employee_id_data,0
pin_number,0
gender_identity,1
time,3
monthly_tobacco_use,2
zip_code_info,1
modified_date_data,3
medium_info,3
lgbtq_status_details,2
previous_vote,2
patient_category,3
employee_mac_address,0
exam_result,2
nid_details,0
city_info,1
frequency_amount,3
employee_medical_condition,2
weight_kg_amount,3
staff_salary_band,1
campaign_number,3
current_ssn,0
monthly_dwelling,1
user_monthly_income,2
therapy_code,2
user_municipality,1
serial_amount,3
monthly_bankruptcy,2
annual_investment,2
gps_location_id,0
student_id_details,0
social_security_number_data,0
user_is_active,3
last_updated_details,3
payout_info,2
fname,0
customer_seq,3
patient_color,3
new_phone,0
test_score_id,2
anxiety_code,2
employee_exam_result,2
output_amount,3
annual_language_code,3
employee_total,3
salary_band_id,1
pan_number,0
employee_registration_number,0
housing_type_id,1
staff_store_id,3
nhs_number_id,0
occupation,1
event_id_info,3
user_username,0
appraisal_info,2
sector_number,1
device_id_amount,0
current_eid,0
monthly_tin,0
item_name_value,3
current_family_size,1
staff_longitude,0
staff_cost,3
liabilities_value,2
nation_code,1
discount_details,3
postcode_amount,1
dob_id,0
annual_locale,3
model_id,3
staff_gender,1
log_id_amount,3
assets,2
user_state,1
timezone_number,3
previous_nid,0
savings_id,2
county,1
annual_face_id,0
previous_product_category,3
passport_no_data,0
monthly_test_score,2
previous_drug_name,2
employee_client_id,0
employee_savings,2
user_email_address,0
patient_borough,1
employee_class,3
annual_session_id,3
dimension_amount,3
employee_zipcode,1
annual_log_id,3
pin_code_data,1
drivers_license,0
cell_details,0
employee_marital_status,1
sexual_orientation,2
feedback_value,3
class_label_data,3
patient_priority,3
monthly_enrollment_no,0
insurance_claim,2
employee_class_label,3
units_data,3
employee_account_no,0
birth_year_details,1
town_amount,1
user_aadhaar_number,0
street,0
gps_location_amount,0
old_client_id,0
policy_number_value,0
medical_record_number_number,0
old_household_size,1
assets_amount,2
reservation_id_number,3
social_security_id,0
user_citizenship,1
user_frequency,3
medical_condition_amount,2
disorder,2
monthly_disability_status,1
current_outstanding_loan,2
previous_tobacco_use,2
new_area_name,3
user_pin,0
is_active_number,3
user_area_code,1
hiv_status_data,2
customer_account_number,0
real_estate_code,2
old_nid,0
national_id,0
annual_housing_type,1
surgery,2
current_zip_code,1
prediction_value,3
monthly_idx,3
marital_data,1
user_profession,1
staff_gpa,2
current_patient_id,0
patient_week,3
current_birth_year,1
monthly_tax,3
patient_size,3
annual_sequence_number,3
previous_nation,1
new_hiv_status,2
old_native_language,1
otp_data,0
gst_value,3
employee_drug_use,2
customer_disease,2
session_id_details,3
employee_credit_rating,2
social_security_benefit_code,2
fico_score_info,2
old_tax_paid,2
previous_num_children,1
new_citizenship,1
vat,3
manufacturer_number,3
patient_address_line2,0
disorder_id,2
customer_patient_id,0
staff_imei,0
depression_code,2
e_mail_value,0
vehicle_number_code,0
emp_id_value,0
license_number_number,0
previous_eid,0
monthly_receipt_number,3
number_of_dependents_code,1
family_size_data,1
psychiatric_condition_id,2
monthly_file_name,3
monthly_units,3
monthly_outlet_id,3
patient_currency,3
username_data,0
old_frequency,3
employee_bmi,1
syndrome,2
current_size,3
monthly_page_views,3
clicks_info,3
medical_condition_code,2
user_impressions,3
old_income_range,1
staff_row_id,3
patient_net_worth,2
aadhaar_number_id,0
dl_number_id,0
bank_account_data,0
annual_student_id,0
ethnicity_details,1
customer_tax,3
current_color,3
bankruptcy_number,2
current_blood_type,1
user_exchange_rate,3
user_street_address,0
new_total,3
mother_tongue,1
month,3
previous_cholesterol,2
annual_lab_result,2
monthly_notes,3
user_time,3
area_code_data,1
county_data,1
patient_loan_amount,2
staff_income_bracket,1
mac_address,0
borough_value,1
disability_status_code,1
annual_device_id,0
tribe_value,1
loan_amount_data,2
customer_ctr,3
patient_mrn,0
mobile,0
employee_full_name,0
serial,3
offense_data,2
previous_session_id,3
patient_disorder,2
customer_vehicle_number,0
patient_given_name,0
amount_number,3
aadhaar_number_number,0
monthly_diabetes_type,2
record_id_amount,3
monthly_depression,2
user_review_score,2
district_info,1
old_disability_status,1
occupation_amount,1
impressions_data,3
pan_number_id,0
zip_amount,1
annual_net_salary,2
current_age_range,1
patient_credit_risk,2
new_version,3
welfare_benefit_amount,2
monthly_income,2
log_id_value,3
staff_passport_number,0
user_otp,0
annual_political_party,2
patient_userid,0
feedback_number,3
patient_index,3
amount_code,3
monthly_department,3
old_medium,3
member_id_details,0
salary_details,2
patient_exchange_rate,3
job_title_value,1
ipv4_amount,0
annual_status,3
new_timestamp,3
old_municipality,1
new_given_name,0
patient_tax_paid,2
drug_name_number,2
patient_salary_band,1
patient_bank_balance,2
mobile_id,0
employee_file_name,3
gross_salary_amount,2
license_number,0
new_enabled,3
staff_weight,1
customer_medical_record_number,0
new_sex,1
branch_id_data,3
patient_conviction,2
day_details,3
new_social_security_benefit,2
blood_group_data,1
user_week,3
week_amount,3
claim_id_amount,0
previous_birth_date,0
felony,2
outlet_id,3
monthly_vin,0
age_range_id,1
customer_surgery,2
old_language_code,3
annual_price,3
current_booking_id,3
medication,2
branch_id_details,3
enabled_data,3
bank_account_number,0
review_code,3
previous_income,2
vat_amount,3
staff_credit_rating,2
summary_id,3
item_id,3
fname_number,0
medication,2
customer_fico_score,2
staff_updated_at,3
insurance_claim_code,2
income_range_data,1
old_last_updated,3
member_id_data,0
current_account_number,0
item_name_id,3
marks,2
employee_policy_no,0
employee_qualification,1
annual_passport,0
units_amount,3
academic_result_id,2
longitude_code,0
staff_target,3
old_assets,2
region_code_data,3
current_qualification,1
class_label_value,3
staff_is_active,3
customer_lab_result,2
year_of_birth_data,1
page_views_amount,3
annual_mrn,0
old_area_name,3
current_biometric,0
previous_criminal_record,2
dependents_details,1
penalty_number,2
patient_birthdate,0
reproductive_health_id,2
staff_units,3
patient_province,1
enrollment_no_id,0
customer_nid,0
patient_member_id,0
body_mass_index_data,1
current_state,1
ipv6_details,0
customer_name,0
old_ip_address,0
customer_grade,2
income_range,1
customer_subsidy,2
current_voter_card,0
marital_status_details,1
annual_credit_card,0
cost_id,3
level_info,3
credit_score_value,2
housing_type_number,1
compensation_code,2
monthly_insolvency,2
staff_branch_id,3
login_value,0
years_of_experience_info,1
customer_policy_no,0
user_is_deleted,3
target_amount,3
patient_fee,3
patient_height,1
patient_summary,3
product_category_id,3
old_profession,1
current_income_range,1
patient_idx,3
extension,3
customer_net_worth,2
insurance_claim_id,2
monthly_telephone,0
gpa_number,2
previous_userid,0
new_residence_status,1
registration_number_value,0
employee_revision,3
social_security_number,0
monthly_earnings,2
reservation_id_info,3
gpa_code,2
staff_eid,0
region_code_info,3
mac_address_data,0
monthly_illness,2
welfare_benefit_code,2
employee_place_of_birth,0
region_number,1
claim_id_code,0
anxiety_data,2
old_lgbtq_status,2
policy_number_code,0
new_transaction_id,3
patient_credit_score,2
device_id_value,0
ctr_info,3
hiv_status,2
old_syndrome,2
blood_group_value,1
work_status_code,1
old_exchange_rate,3
student_id_info,0
monthly_status,3
user_marital,1
staff_gender_identity,1
staff_insurance_claim,2
native_language_amount,1
serial_info,3
appraisal_amount,2
index,3
current_dependents,1
old_veteran_status,1
target_value,3
bmi,1
discount_data,3
customer_item_name,3
log_id_details,3
annual_num_children,1
new_ethnicity,1
ipv6,0
birth_month_info,1
old_class_label,3
customer_license_number,0
old_payout,2
language_code_details,3
month_amount,3
patient_product_name,3
patient_build_number,3
new_class,3
aadhaar_id,0
test_score_data,2
disorder_info,2
current_property_value,2
surname_data,0
monthly_town,1
old_hiv_status,2
new_pathology_result,2
previous_portfolio_value,2
user_item_name,3
employee_size,3
rating_details,3
staff_face_id,0
monthly_compensation,2
area_code_number,1
language_code_code,3
subsidy_info,2
therapy_value,2
annual_take_home,2
user_month,3
annual_performance_score,2
staff_postal_code,1
device_id_code,0
sex_details,1
dwelling,1
month_code,3
patient_units,3
voter_id_value,0
current_event_id,3
cholesterol_data,2
name,0
user_summary,3
current_order_id,3
conversion_data,3
staff_amount,3
new_political_affiliation,2
medical_record_number,0
duration_value,3
staff_comment,3
annual_pathology_result,2
old_street_address,0
old_dimension,3
new_arrest,2
assets,2
employee_customer_id,0
card_no_number,0
penalty,2
county_code,1
debt,2
units,3
language_code,1
patient_source,3
patient_insolvency,2
old_mac_address,0
review_score_amount,2
user_drug_use,2
output_code,3
disease_value,2
patient_prescription,2
new_misdemeanor,2
blood_group_amount,1
staff_notes,3
old_body_mass_index,1
phone_number_details,0
extension_value,3
full_name_info,0
disability_status_id,1
ipv6_id,0
e_mail_amount,0
staff_birth_month,1
employee_weight_kg,3
household_size,1
city_value,1
user_region_code,3
blood_type_number,1
card_no,0
emp_id_data,0
department_number,3
page_views_info,3
political_party_id,2
diabetes_type_data,2
customer_year_of_birth,1
current_balance,2
wage_value,2
policy_number,0
current_staff_id,0
user_place_of_birth,0
previous_emi,2
user_blood_type,1
log_id_id,3
new_county,1
gps_location_data,0
monthly_street,0
native_language_value,1
store_id_code,3
employee_cell,0
monthly_region_code,3
previous_week,3
telephone_data,0
address_line1_value,0
subsidy_id,2
last_updated_data,3
medical_record_number_data,0
monthly_residence_type,1
severity_amount,3
approved_code,3
size,3
employee_hiv_status,2
lgbtq_status_value,2
order_id_value,3
annual_sex,1
pan_number_number,0
staff_tin,0
passport_data,0
phone_number_number,0
new_welfare_benefit,2
new_dob,0
serial,3
previous_mental_health,2
reproductive_health,2
month_info,3
customer_arrest,2
user_bankruptcy,2
latitude,0
religion_number,1
employee_week,3
user_vin,0
annual_exchange_rate,3
discount,3
current_illness,2
current_frequency,3
prediction_id,3
treatment,2
current_address,0
employee_staff_id,0
new_impressions,3
degree_code,1
old_size,3
annual_cvv,0
item_id_amount,3
customer_aadhaar_number,0
monthly_tax_amount,2
tobacco_use_value,2
staff_height,1
patient_income_bracket,1
postal_code_info,1
illness_id,2
customer_tax_id,0
patient_class_label,3
old_marital,1
patient_education,1
fax_code,0
monthly_booking_id,3
new_disability_status,1
state_code,1
new_ctr,3
employee_emp_id,0
customer_face_id,0
previous_net_worth,2
employee_index,3
user_age_group,1
enabled_id,3
misdemeanor_data,2
district_value,1
id_id,3
serial_data,3
highest_qualification_info,1
tax_paid_code,2
new_region,1
username_details,0
voter_id,0
locale_info,3
annual_postcode,1
hiv_status,2
customer_blood_group,1
old_impressions,3
annual_fine,2
monthly_claim_amount,2
previous_street_address,0
customer_portfolio_value,2
current_idx,3
previous_patient_id,0
medium_code,3
impressions,3
outstanding_loan,2
old_staff_id,0
monthly_income_data,2
performance_rating_id,2
old_model,3
age_range_amount,1
staff_email_address,0
therapy_id,2
user_dl_number,0
employee_latitude_zone,3
patient_file_type,3
patient_roll_number,0
monthly_week,3
employee_currency,3
user_race,1
previous_bounce_rate,3
log_id_data,3
user_district,1
patient_score,2
country_value,1
seq,3
annual_treatment,2
patient_price,3
age_group_id,1
annual_ses,1
customer_dependents,1
employee_birthdate,0
current_fingerprint,0
outlet_id_amount,3
account_number_value,0
monthly_performance_score,2
new_file_name,3
borough_amount,1
annual_target,3
cell_code,0
employee_anxiety,2
employee_is_active,3
monthly_color,3
score_value,2
email_address,0
drug_use,2
hiv_status_number,2
religion,1
outlet_id_info,3
employee_version,3
annual_address_line1,0
sequence_number_info,3
annual_income_details,2
price_number,3
order_id_number,3
patient_mobile,0
new_mobile,0
new_serial,3
file_name_value,3
state_info,1
penalty_value,2
weight_details,1
patient_conversion,3
staff_anxiety,2
user_caste,1
annual_body_mass_index,1
product_id_data,3
index_id,3
amount_amount,3
birth_month,1
review_id,3
old_longitude,0
nhs_number_details,0
old_therapy,2
user_postcode,1
tax_id_data,0
household_size_value,1
age_range_data,1
face_id,0
first_name_id,0
previous_hiv_status,2
new_phone_number,0
previous_voter_id,0
zip_value,1
previous_latitude_zone,3
veteran_status_amount,1
monthly_record_id,3
num_children_amount,1
timezone_data,3
staff_lname,0
weight,1
staff_device_id,0
frequency_id,3
customer_job_title,1
ses_code,1
previous_build_number,3
previous_color,3
new_severity,3
family_size_id,1
dob_data,0
patient_dob,0
annual_branch_id,3
surname,0
roll_number_data,0
patient_residence_status,1
annual_imei,0
medical_record_number_id,0
patient_visa_type,1
current_prediction,3
previous_blood_pressure,2
customer_hiv_status,2
staff_biometric,0
account_no,0
customer_lgbtq_status,2
new_stock_holdings,2
region_id,1
disability_status,1
tax_id,3
patient_medium,3
credit_risk,2
annual_birth_place,0
color_code,3
created_date,3
mortgage_number,2
employment_status_number,1
current_description,3
staff_default,2
monthly_email,0
employee_build_number,3
ipv4_id,0
employee_row_id,3
new_id,3
card_number_code,0
event_id_id,3
current_vat,3
alcohol_use_data,2
fee,3
patient_sector,1
current_longitude,0
annual_last_name,0
contact_number_code,0
region,1
previous_socioeconomic_status,1
previous_output,3
old_enabled,3
ethnic_group_info,1
annual_state,1
employee_visa_type,1
customer_bank_balance,2
patient_email_address,0
staff_grade,2
tobacco_use,2
investment,2
annual_surname,0
staff_locale,3
area_code_details,1
previous_housing_type,1
frequency_number,3
previous_status,3
enrollment_no_info,0
voter_id_code,0
subsidy_data,2
postal_code_number,1
invoice_id_amount,3
user_fine,2
account_no_number,0
category_id,3
phone_id,0
previous_class,3
debt_amount,2
employee_comment,3
latitude_zone_value,3
therapy_data,2
current_alcohol_use,2
municipality,1
previous_time,3
employee_disability_status,1
rating,3
new_take_home,2
tin,0
new_family_size,1
patient_full_name,0
iris_value,0
old_booking_id,3
current_height,1
tax_amount_details,2
seq_id,3
user_vote,2
id_number,3
assets_id,2
staff_nhs_number,0
body_mass_index_info,1
severity_number,3
staff_social_security_benefit,2
customer_blood_pressure,2
household_size_amount,1
new_ses,1
dob,0
height_id,1
patient_performance_rating,2
clicks,3
current_last_updated,3
gpa_data,2
user_home_address,0
staff_disease,2
nationality,1
score_code,2
status_number,3
height_amount,1
day_number,3
staff_qualification,1
current_blood_pressure,2
monthly_sector,1
num_children_info,1
created_at_amount,3
previous_event_id,3
description,3
week_code,3
health_id_id,0
overtime_data,2
patient_notes,3
previous_medium,3
citizenship_data,1
employee_cost,3
state,1
staff_size,3
employee_mail,0
created_at_info,3
summary,3
drivers_license,0
staff_level,3
new_payout,2
new_pregnancy,2
monthly_residence_status,1
current_pregnancy,2
grade_info,2
previous_imei,0
email_code,0
customer_id_amount,0
assets_data,2
first_name,0
old_performance_rating,2
annual_size,3
user_sex,1
patient_interval,3
interval,3
phone_number_info,0
employee_country,1
patient_lname,0
old_biometric,0
monthly_race,1
employee_pan,0
default_code,2
customer_social_security,0
campaign_data,3
age_band_info,1
user_tax_paid,2
extension_details,3
level_number,3
previous_net_salary,2
remarks_id,3
religion_data,1
disability_status_value,1
assets_number,2
net_worth,2
employment_status_value,1
previous_family_size,1
bank_balance,2
manufacturer_code,3
investment_data,2
staff_ses,1
bankruptcy_info,2
is_deleted_amount,3
patient_card_number,0
residence_type_data,1
product_code_data,3
pathology_result,2
event_id,3
arrest_details,2
customer_policy_number,0
annual_first_name,0
occupation_code,1
staff_academic_result,2
patient_updated_at,3
old_reproductive_health,2
address_line1_info,0
employee_family_size,1
new_year,3
old_health_id,0
staff_passport_no,0
employee_nid,0
product_name,3
extension,3
receipt_number_number,3
user_performance_score,2
weight_info,1
employee_street_address,0
industry,1
home_address_number,0
monthly_severity,3
sequence_number,3
patient_session_id,3
subcategory,3
prediction_details,3
cvv_data,0
patient_blood_group,1
area_name,3
disability_status_data,1
wage_data,2
patient_id_details,0
card_no_code,0
monthly_summary,3
model_data,3
employee_degree,1
employee_interval,3
patient_cost,3
patient_ses,1
cancer_type_code,2
latitude_zone_info,3
current_vin,0
current_outlet_id,3
overtime_value,2
staff_credit_risk,2
customer_color,3
source_details,3
annual_month,3
last_updated_number,3
annual_ctr,3
patient_date,3
clicks_id,3
profession_amount,1
current_passport,0
new_target,3
pin,0
created_date_info,3
address_line1,0
pathology_result_amount,2
staff_income_range,1
previous_remarks,3
patient_political_affiliation,2
customer_status,3
new_psychological_condition,2
aadhaar_number,0
current_substance_use,2
patient_comment,3
arrest,2
monthly_product_code,3
investment_number,2
years_of_experience_value,1
sequence_number_data,3
user_emi,2
salary_band_code,1
customer_birthdate,0
num_children,1
qualification_id,1
extension_number,3
marital_code,1
work_experience_details,1
previous_assets,2
passport_no_code,0
monthly_latitude_zone,3
last_updated_info,3
staff_wage,2
e_mail_code,0
dwelling_number,1
user_marks,2
old_income,2
old_work_experience,1
user_staff_id,0
military_status_number,1
staff_gross_salary,2
age_details,1
current_credit_card,0
dob_code,0
disorder_code,2
user_passport_no,0
record_id,3
old_social_security_number,0
patient_payout,2
employee_color,3
staff_client_id,0
old_registration_number,0
savings_code,2
class_label_code,3
previous_investment,2
current_portfolio_value,2
user_drug_name,2
net_salary_value,2
patient_years_of_experience,1
new_fee,3
dimension_data,3
current_telephone,0
weight_kg_details,3
residence_status_id,1
idx_code,3
vote_data,2
patient_registration_number,0
user_policy_no,0
previous_language,1
session_id_id,3
annual_created_date,3
customer_default,2
employee_booking_id,3
current_military_status,1
approved,3
pathology_result,2
disease,2
vin_data,0
ctr,3
user_compensation,2
previous_student_id,0
current_model,3
real_estate_value,2
new_feedback,3
new_pin,0
mrn_amount,0
previous_region_code,3
roll_number_info,0
old_felony,2
summary,3
employee_credit_risk,2
longitude_id,0
customer_language_code,3
customer_fax,0
weight_kg_id,3
blood_pressure_id,2
monthly_first_name,0
pathology_result_value,2
patient_citizenship,1
area_name_info,3
work_status_data,1
ssn_data,0
customer_priority,3
patient_flag,3
current_subcategory,3
monthly_session_id,3
comment,3
sequence_number_details,3
weight_number,1
previous_target,3
address_amount,0
new_fax,0
customer_order_id,3
user_visa_type,1
postal_code,1
new_invoice_id,3
staff_flag,3
policy_no_value,0
file_name,3
patient_insurance_claim,2
customer_dob,0
residence_type,1
current_residence_type,1
bankruptcy_value,2
patient_passport,0
customer_ssn,0
employee_social_security,0
employee_cvv,0
pregnancy_details,2
cost_info,3
patient_is_active,3
patient_zip,1
previous_test_result,2
language,1
previous_sequence_number,3
new_campaign,3
previous_fname,0
loan_amount,2
aadhaar_code,0
patient_aadhaar,0
patient_medication,2
annual_socioeconomic_status,1
current_username,0
monthly_misdemeanor,2
annual_cibil_score,2
disorder_data,2
education_data,1
current_imei,0
user_highest_qualification,1
municipality_id,1
annual_conversion,3
passport_no_number,0
card_no_info,0
savings_number,2
current_education_level,1
current_tax_id,0
previous_full_name,0
ip_address,0
old_property_value,2
customer_dl_number,0
subcategory_value,3
outstanding_loan_code,2
new_price,3
pregnancy_id,2
social_security_number_id,0
weight_kg_code,3
new_fico_score,2
previous_religion,1
treatment,2
monthly_pregnancy,2
credit_card,0
weight_kg,3
patient_amount,3
medication_id,2
patient_enrollment_no,0
new_income,2
registration_number_id,0
criminal_record,2
net_salary_amount,2
lab_result_id,2
new_aadhaar_number,0
iris_amount,0
staff_zip_code,1
monthly_subsidy,2
new_source,3
annual_amount,3
bmi_amount,1
weight_kg_value,3
customer_birth_month,1
current_is_active,3
email_address,0
health_id_value,0
year,3
zip_info,1
employee_student_id,0
annual_birthdate,0
income_bracket_number,1
qualification,1
payout_value,2
annual_area_code,1
staff_card_no,0
session_id,3
created_date_id,3
old_bank_account,0
employee_work_status,1
employee_tribe,1
employee_assets,2
socioeconomic_status_value,1
employee_enabled,3
passport_number_code,0
new_anxiety,2
staff_emp_id,0
family_size_info,1
previous_address,0
blood_type_code,1
current_bank_account,0
comment_amount,3
conviction_code,2
monthly_savings,2
client_id_value,0
monthly_student_id,0
annual_color,3
current_payout,2
patient_age,1
annual_clicks,3
customer_cibil_score,2
customer_created_date,3
